Cod_setor,Cod_Grandes Regiões,Nome_Grande_Regiao,Cod_UF,Nome_da_UF,Cod_meso,Nome_da_meso,Cod_micro,Nome_da_micro,Cod_RM,Nome_da_RM,Cod_municipio,Nome_do_municipio,Cod_distrito,Nome_do_distrito,Cod_subdistrito,Nome_do_subdistrito,Cod_bairro,Nome_do_bairro,Situacao_setor,Tipo_setor,V001,V002,V003,V004,V005,V006,V007,V008,V009,V010,V011,V012,X34
251370305000001,2,Região Nordeste,25,Paraiba,2504,Mata Paraibana,25022,João Pessoa,10,RM João Pessoa,2513703,SANTA RITA,251370305,SANTA RITA,25137030500,SANTA RITA,2513703000,SANTA RITA (todos os setores),1,0,155,512,3.3,1.5,1027.23,2688168.15,1105.7,2807580.15,589.24,1195541.9,913.83,1558786.88,NA
251370305000002,2,Região Nordeste,25,Paraiba,2504,Mata Paraibana,25022,João Pessoa,10,RM João Pessoa,2513703,SANTA RITA,251370305,SANTA RITA,25137030500,SANTA RITA,2513703000,SANTA RITA (todos os setores),1,0,172,659,3.83,3.37,354.49,242161.87,648.64,252416.88,205.78,118767.59,510.85,139083.66,NA
251370305000003,2,Região Nordeste,25,Paraiba,2504,Mata Paraibana,25022,João Pessoa,10,RM João Pessoa,2513703,SANTA RITA,251370305,SANTA RITA,25137030500,SANTA RITA,2513703000,SANTA RITA (todos os setores),1,0,251,865,3.45,1.8,701.65,219907.92,746.25,200523.13,398.31,197534.01,641.57,162026.35,NA
251370305000004,2,Região Nordeste,25,Paraiba,2504,Mata Paraibana,25022,João Pessoa,10,RM João Pessoa,2513703,SANTA RITA,251370305,SANTA RITA,25137030500,SANTA RITA,2513703000,SANTA RITA (todos os setores),1,0,197,696,3.53,2.72,749.23,701725.57,815.46,709792.46,409.99,360197.57,689.73,413164.43,NA
251370305000005,2,Região Nordeste,25,Paraiba,2504,Mata Paraibana,25022,João Pessoa,10,RM João Pessoa,2513703,SANTA RITA,251370305,SANTA RITA,25137030500,SANTA RITA,2513703000,SANTA RITA (todos os setores),1,0,244,855,3.5,2.4,682.49,512420.03,808.39,505135.45,380.7,297130.43,670.15,329149.46,NA
251370305000006,2,Região Nordeste,25,Paraiba,2504,Mata Paraibana,25022,João Pessoa,10,RM João Pessoa,2513703,SANTA RITA,251370305,SANTA RITA,25137030500,SANTA RITA,2513703000,SANTA RITA (todos os setores),1,0,221,840,3.8,2.79,1079.96,2455063.06,1217.71,2601213.79,578.29,1132382.81,950.94,1508613.27,NA
251370305000007,2,Região Nordeste,25,Paraiba,2504,Mata Paraibana,25022,João Pessoa,10,RM João Pessoa,2513703,SANTA RITA,251370305,SANTA RITA,25137030500,SANTA RITA,2513703000,SANTA RITA (todos os setores),1,0,249,951,3.82,3.62,511.62,1618078.08,561.2,1747640.22,293.18,645536.32,456.61,931370.61,NA
251370305000008,2,Região Nordeste,25,Paraiba,2504,Mata Paraibana,25022,João Pessoa,10,RM João Pessoa,2513703,SANTA RITA,251370305,SANTA RITA,25137030500,SANTA RITA,2513703000,SANTA RITA (todos os setores),1,0,196,726,3.7,3.54,397.69,97103.36,526.68,60416.89,224.66,85417.79,502.96,51130.44,NA
251370305000009,2,Região Nordeste,25,Paraiba,2504,Mata Paraibana,25022,João Pessoa,10,RM João Pessoa,2513703,SANTA RITA,251370305,SANTA RITA,25137030500,SANTA RITA,2513703000,SANTA RITA (todos os setores),1,0,349,1281,3.67,3.72,291.11,139625.22,457.64,143303.6,251.1,98670.81,461.77,84147.43,NA
251370305000010,2,Região Nordeste,25,Paraiba,2504,Mata Paraibana,25022,João Pessoa,10,RM João Pessoa,2513703,SANTA RITA,251370305,SANTA RITA,25137030500,SANTA RITA,2513703000,SANTA RITA (todos os setores),1,0,242,921,3.81,3.39,587.07,283455.48,776.35,227593.65,328,208902.61,674.62,195793.5,NA
251370305000011,2,Região Nordeste,25,Paraiba,2504,Mata Paraibana,25022,João Pessoa,10,RM João Pessoa,2513703,SANTA RITA,251370305,SANTA RITA,25137030500,SANTA RITA,2513703000,SANTA RITA (todos os setores),1,0,86,290,3.37,2.28,554.4,258664.71,671.52,234316.82,349.78,201437.62,601.52,194939.78,NA
251370305000012,2,Região Nordeste,25,Paraiba,2504,Mata Paraibana,25022,João Pessoa,10,RM João Pessoa,2513703,SANTA RITA,251370305,SANTA RITA,25137030500,SANTA RITA,2513703000,SANTA RITA (todos os setores),1,0,302,1048,3.47,2.46,837.84,613014.09,906.91,600866.06,487.29,484347.23,756.98,548371.14,NA
251370305000013,2,Região Nordeste,25,Paraiba,2504,Mata Paraibana,25022,João Pessoa,10,RM João Pessoa,2513703,SANTA RITA,251370305,SANTA RITA,25137030500,SANTA RITA,2513703000,SANTA RITA (todos os setores),1,0,162,520,3.21,2.08,677.29,524811.87,767.28,525499.74,421.24,297400.03,676.28,305009.76,NA
251370305000014,2,Região Nordeste,25,Paraiba,2504,Mata Paraibana,25022,João Pessoa,10,RM João Pessoa,2513703,SANTA RITA,251370305,SANTA RITA,25137030500,SANTA RITA,2513703000,SANTA RITA (todos os setores),1,0,232,838,3.61,3.03,666.44,220757.05,729.32,195610.97,363.02,179960.81,614.55,150004.51,NA
251370305000015,2,Região Nordeste,25,Paraiba,2504,Mata Paraibana,25022,João Pessoa,10,RM João Pessoa,2513703,SANTA RITA,251370305,SANTA RITA,25137030500,SANTA RITA,2513703000,SANTA RITA (todos os setores),1,0,270,973,3.6,3.57,497.73,180428.74,579.25,162682.4,276.17,150068.83,536.53,151860.16,NA
251370305000016,2,Região Nordeste,25,Paraiba,2504,Mata Paraibana,25022,João Pessoa,10,RM João Pessoa,2513703,SANTA RITA,251370305,SANTA RITA,25137030500,SANTA RITA,2513703000,SANTA RITA (todos os setores),1,0,211,755,3.58,3.01,434.86,115209.93,524.32,91872.58,244.83,93688.25,479.92,70755.49,NA
251370305000017,2,Região Nordeste,25,Paraiba,2504,Mata Paraibana,25022,João Pessoa,10,RM João Pessoa,2513703,SANTA RITA,251370305,SANTA RITA,25137030500,SANTA RITA,2513703000,SANTA RITA (todos os setores),1,0,296,1092,3.69,3.38,401.96,78219.35,519.56,39834.22,223.48,80084.04,481.38,48278.74,NA
251370305000018,2,Região Nordeste,25,Paraiba,2504,Mata Paraibana,25022,João Pessoa,10,RM João Pessoa,2513703,SANTA RITA,251370305,SANTA RITA,25137030500,SANTA RITA,2513703000,SANTA RITA (todos os setores),1,0,243,834,3.43,2.35,513.18,225057.67,652.9,194953.55,300.03,158558.72,596.63,138287.49,NA
251370305000019,2,Região Nordeste,25,Paraiba,2504,Mata Paraibana,25022,João Pessoa,10,RM João Pessoa,2513703,SANTA RITA,251370305,SANTA RITA,25137030500,SANTA RITA,2513703000,SANTA RITA (todos os setores),1,0,166,559,3.37,2.78,344.52,177494.54,577.69,162773.34,248.91,148712.36,559.18,160644.99,NA
251370305000020,2,Região Nordeste,25,Paraiba,2504,Mata Paraibana,25022,João Pessoa,10,RM João Pessoa,2513703,SANTA RITA,251370305,SANTA RITA,25137030500,SANTA RITA,2513703000,SANTA RITA (todos os setores),1,0,250,797,3.19,1.78,635.94,405817.35,712.94,400031.37,405.24,326232.78,656.02,363687.68,NA
251370305000021,2,Região Nordeste,25,Paraiba,2504,Mata Paraibana,25022,João Pessoa,10,RM João Pessoa,2513703,SANTA RITA,251370305,SANTA RITA,25137030500,SANTA RITA,2513703000,SANTA RITA (todos os setores),1,0,179,589,3.29,2.45,737.53,398972.3,809.92,379380.77,489.03,345208.64,674.07,351113.86,NA
251370305000022,2,Região Nordeste,25,Paraiba,2504,Mata Paraibana,25022,João Pessoa,10,RM João Pessoa,2513703,SANTA RITA,251370305,SANTA RITA,25137030500,SANTA RITA,2513703000,SANTA RITA (todos os setores),1,0,106,345,3.25,3.12,1016.42,1793151.29,1282.63,1922886.02,596.79,1038615.03,1072.15,1358094.48,NA
251370305000023,2,Região Nordeste,25,Paraiba,2504,Mata Paraibana,25022,João Pessoa,10,RM João Pessoa,2513703,SANTA RITA,251370305,SANTA RITA,25137030500,SANTA RITA,2513703000,SANTA RITA (todos os setores),1,0,352,1176,3.34,2.33,1038.09,1145952.18,1145.48,1141472.66,598.3,710089.06,938.06,794739.44,NA
251370305000024,2,Região Nordeste,25,Paraiba,2504,Mata Paraibana,25022,João Pessoa,10,RM João Pessoa,2513703,SANTA RITA,251370305,SANTA RITA,25137030500,SANTA RITA,2513703000,SANTA RITA (todos os setores),1,0,221,729,3.3,2.4,1090.31,1423098.19,1115.55,1427907.48,662.48,881249.81,952.31,991030.17,NA
251370305000025,2,Região Nordeste,25,Paraiba,2504,Mata Paraibana,25022,João Pessoa,10,RM João Pessoa,2513703,SANTA RITA,251370305,SANTA RITA,25137030500,SANTA RITA,2513703000,SANTA RITA (todos os setores),1,0,215,773,3.6,1.82,537.93,400474.45,631.99,411112.77,349.73,314552.98,586.21,388811.27,NA
251370305000026,2,Região Nordeste,25,Paraiba,2504,Mata Paraibana,25022,João Pessoa,10,RM João Pessoa,2513703,SANTA RITA,251370305,SANTA RITA,25137030500,SANTA RITA,2513703000,SANTA RITA (todos os setores),1,0,221,771,3.49,2.74,611.03,178487.86,671.83,155285.65,375.36,201052.11,640.76,173078.15,NA
251370305000027,2,Região Nordeste,25,Paraiba,2504,Mata Paraibana,25022,João Pessoa,10,RM João Pessoa,2513703,SANTA RITA,251370305,SANTA RITA,25137030500,SANTA RITA,2513703000,SANTA RITA (todos os setores),1,0,232,840,3.62,2.99,626.9,883942.33,673.34,918310.79,357.57,408446.4,601.34,540618.99,NA
251370305000028,2,Região Nordeste,25,Paraiba,2504,Mata Paraibana,25022,João Pessoa,10,RM João Pessoa,2513703,SANTA RITA,251370305,SANTA RITA,25137030500,SANTA RITA,2513703000,SANTA RITA (todos os setores),1,0,274,935,3.41,3.13,563.53,132820.16,610.3,115228.52,356.53,201528.03,543.35,205628.43,NA
251370305000029,2,Região Nordeste,25,Paraiba,2504,Mata Paraibana,25022,João Pessoa,10,RM João Pessoa,2513703,SANTA RITA,251370305,SANTA RITA,25137030500,SANTA RITA,2513703000,SANTA RITA (todos os setores),1,0,303,1124,3.71,2.83,425.74,99688.94,474.26,87995.58,266.67,95029.64,443.49,79594.44,NA
251370305000030,2,Região Nordeste,25,Paraiba,2504,Mata Paraibana,25022,João Pessoa,10,RM João Pessoa,2513703,SANTA RITA,251370305,SANTA RITA,25137030500,SANTA RITA,2513703000,SANTA RITA (todos os setores),1,0,158,554,3.51,3.33,430.13,111427.05,535.13,82211.21,237.9,97868.91,494.51,76439.8,NA
251370305000031,2,Região Nordeste,25,Paraiba,2504,Mata Paraibana,25022,João Pessoa,10,RM João Pessoa,2513703,SANTA RITA,251370305,SANTA RITA,25137030500,SANTA RITA,2513703000,SANTA RITA (todos os setores),1,0,296,1097,3.71,3.66,317.5,131324.01,454.01,125783.51,273.94,104693.11,483.55,83400.66,NA
251370305000032,2,Região Nordeste,25,Paraiba,2504,Mata Paraibana,25022,João Pessoa,10,RM João Pessoa,2513703,SANTA RITA,251370305,SANTA RITA,25137030500,SANTA RITA,2513703000,SANTA RITA (todos os setores),1,0,71,240,3.38,2.84,484.66,395494.03,688.22,422039.73,299.98,246423.52,615.58,312085.24,NA
251370305000033,2,Região Nordeste,25,Paraiba,2504,Mata Paraibana,25022,João Pessoa,10,RM João Pessoa,2513703,SANTA RITA,251370305,SANTA RITA,25137030500,SANTA RITA,2513703000,SANTA RITA (todos os setores),1,0,295,1019,3.45,2.04,805.71,424902.81,867.46,403824.13,457.86,310075.99,750.49,288600.22,NA
251370305000034,2,Região Nordeste,25,Paraiba,2504,Mata Paraibana,25022,João Pessoa,10,RM João Pessoa,2513703,SANTA RITA,251370305,SANTA RITA,25137030500,SANTA RITA,2513703000,SANTA RITA (todos os setores),1,0,261,925,3.54,2.2,983.84,2048976.04,1074.4,2140668.52,534.07,863837.4,830.32,1097475.53,NA
251370305000035,2,Região Nordeste,25,Paraiba,2504,Mata Paraibana,25022,João Pessoa,10,RM João Pessoa,2513703,SANTA RITA,251370305,SANTA RITA,25137030500,SANTA RITA,2513703000,SANTA RITA (todos os setores),1,0,283,1022,3.61,2.35,644.08,361095.65,802.98,322418.42,344.53,291916.81,730.08,337213.8,NA
251370305000036,2,Região Nordeste,25,Paraiba,2504,Mata Paraibana,25022,João Pessoa,10,RM João Pessoa,2513703,SANTA RITA,251370305,SANTA RITA,25137030500,SANTA RITA,2513703000,SANTA RITA (todos os setores),1,0,146,513,3.51,2.8,705.16,311059.14,779.95,285525.03,451.15,332550.12,708.52,339933.99,NA
251370305000037,2,Região Nordeste,25,Paraiba,2504,Mata Paraibana,25022,João Pessoa,10,RM João Pessoa,2513703,SANTA RITA,251370305,SANTA RITA,25137030500,SANTA RITA,2513703000,SANTA RITA (todos os setores),1,0,224,799,3.57,2.08,666.71,293502.59,773.79,257596,380.84,217256.01,663.75,190795.68,NA
251370305000038,2,Região Nordeste,25,Paraiba,2504,Mata Paraibana,25022,João Pessoa,10,RM João Pessoa,2513703,SANTA RITA,251370305,SANTA RITA,25137030500,SANTA RITA,2513703000,SANTA RITA (todos os setores),1,0,219,808,3.69,2.93,750.54,2305967.06,893.31,2618767.47,404.88,943943.63,742.46,1481817.89,NA
251370305000039,2,Região Nordeste,25,Paraiba,2504,Mata Paraibana,25022,João Pessoa,10,RM João Pessoa,2513703,SANTA RITA,251370305,SANTA RITA,25137030500,SANTA RITA,2513703000,SANTA RITA (todos os setores),1,0,274,971,3.54,2.14,663.74,489723,754.63,488188.63,367.1,283624.19,652.89,317907.7,NA
251370305000040,2,Região Nordeste,25,Paraiba,2504,Mata Paraibana,25022,João Pessoa,10,RM João Pessoa,2513703,SANTA RITA,251370305,SANTA RITA,25137030500,SANTA RITA,2513703000,SANTA RITA (todos os setores),1,0,178,602,3.38,2.31,698.85,420162.71,767.87,408588.82,425.77,318917.73,691.71,334211.25,NA
251370305000041,2,Região Nordeste,25,Paraiba,2504,Mata Paraibana,25022,João Pessoa,10,RM João Pessoa,2513703,SANTA RITA,251370305,SANTA RITA,25137030500,SANTA RITA,2513703000,SANTA RITA (todos os setores),1,0,129,399,3.09,2.09,610.38,261405,690.69,240142.16,367.22,201030.74,647.27,172930.06,NA
251370305000042,2,Região Nordeste,25,Paraiba,2504,Mata Paraibana,25022,João Pessoa,10,RM João Pessoa,2513703,SANTA RITA,251370305,SANTA RITA,25137030500,SANTA RITA,2513703000,SANTA RITA (todos os setores),1,0,255,858,3.36,2.37,691.1,1005738.14,740.46,1041173.18,411.25,486897.86,626.39,607091.98,NA
251370305000043,2,Região Nordeste,25,Paraiba,2504,Mata Paraibana,25022,João Pessoa,10,RM João Pessoa,2513703,SANTA RITA,251370305,SANTA RITA,25137030500,SANTA RITA,2513703000,SANTA RITA (todos os setores),1,0,280,916,3.27,2.57,614.48,430351.33,656.7,432201.11,370.67,243983.45,586.41,259506.22,NA
251370305000044,2,Região Nordeste,25,Paraiba,2504,Mata Paraibana,25022,João Pessoa,10,RM João Pessoa,2513703,SANTA RITA,251370305,SANTA RITA,25137030500,SANTA RITA,2513703000,SANTA RITA (todos os setores),1,0,288,987,3.43,2.15,802.5,1454144.84,895.82,1539971.44,466.82,709586.47,785.02,943931.2,NA
251370305000045,2,Região Nordeste,25,Paraiba,2504,Mata Paraibana,25022,João Pessoa,10,RM João Pessoa,2513703,SANTA RITA,251370305,SANTA RITA,25137030500,SANTA RITA,2513703000,SANTA RITA (todos os setores),1,0,335,1050,3.13,2.43,1256.62,1300918.36,1315.53,1284356.96,745.56,938530.68,1103.07,994299.38,NA
251370305000046,2,Região Nordeste,25,Paraiba,2504,Mata Paraibana,25022,João Pessoa,10,RM João Pessoa,2513703,SANTA RITA,251370305,SANTA RITA,25137030500,SANTA RITA,2513703000,SANTA RITA (todos os setores),1,0,354,1198,3.38,2.99,872.62,945713.43,977.55,956894.08,509.44,580483.49,851.54,679135.81,NA
251370305000047,2,Região Nordeste,25,Paraiba,2504,Mata Paraibana,25022,João Pessoa,10,RM João Pessoa,2513703,SANTA RITA,251370305,SANTA RITA,25137030500,SANTA RITA,2513703000,SANTA RITA (todos os setores),1,0,254,963,3.79,2.8,903.55,881968.19,964.29,882689.14,517.7,2320749.08,815.74,3415730.86,NA
251370305000048,2,Região Nordeste,25,Paraiba,2504,Mata Paraibana,25022,João Pessoa,10,RM João Pessoa,2513703,SANTA RITA,251370305,SANTA RITA,25137030500,SANTA RITA,2513703000,SANTA RITA (todos os setores),1,0,221,878,3.97,4.04,313.3,103277.39,484.2,76679.02,210.59,80786.05,468.57,58800.74,NA
251370305000049,2,Região Nordeste,25,Paraiba,2504,Mata Paraibana,25022,João Pessoa,10,RM João Pessoa,2513703,SANTA RITA,251370305,SANTA RITA,25137030500,SANTA RITA,2513703000,SANTA RITA (todos os setores),1,0,194,762,3.93,4.19,391.31,55785.85,465.73,31586.98,202.63,75546.52,442.76,58693.03,NA
251370305000050,2,Região Nordeste,25,Paraiba,2504,Mata Paraibana,25022,João Pessoa,10,RM João Pessoa,2513703,SANTA RITA,251370305,SANTA RITA,25137030500,SANTA RITA,2513703000,SANTA RITA (todos os setores),1,0,309,1069,3.46,2.43,614.48,233128.23,690.45,209410.77,358.05,216641.17,596.75,218628.97,NA
251370305000051,2,Região Nordeste,25,Paraiba,2504,Mata Paraibana,25022,João Pessoa,10,RM João Pessoa,2513703,SANTA RITA,251370305,SANTA RITA,25137030500,SANTA RITA,2513703000,SANTA RITA (todos os setores),1,0,201,733,3.65,3.34,500.04,937761.23,580.97,1043127.92,291.02,414201.82,487.7,598714.68,NA
251370305000052,2,Região Nordeste,25,Paraiba,2504,Mata Paraibana,25022,João Pessoa,10,RM João Pessoa,2513703,SANTA RITA,251370305,SANTA RITA,25137030500,SANTA RITA,2513703000,SANTA RITA (todos os setores),1,0,128,469,3.66,4.34,320.37,72404.99,422.75,52051.21,210.06,75056.27,413.52,63560.21,NA
251370305000053,2,Região Nordeste,25,Paraiba,2504,Mata Paraibana,25022,João Pessoa,10,RM João Pessoa,2513703,SANTA RITA,251370305,SANTA RITA,25137030500,SANTA RITA,2513703000,SANTA RITA (todos os setores),1,0,317,1139,3.59,2.58,652.63,1423074.07,755.05,1569604.78,355.63,588362.46,633.43,872521.52,NA
251370305000054,2,Região Nordeste,25,Paraiba,2504,Mata Paraibana,25022,João Pessoa,10,RM João Pessoa,2513703,SANTA RITA,251370305,SANTA RITA,25137030500,SANTA RITA,2513703000,SANTA RITA (todos os setores),1,0,208,734,3.53,2.27,849.18,4618277.4,929.63,4982929.81,461.77,1819519.4,797.48,2877489.73,NA
251370305000055,2,Região Nordeste,25,Paraiba,2504,Mata Paraibana,25022,João Pessoa,10,RM João Pessoa,2513703,SANTA RITA,251370305,SANTA RITA,25137030500,SANTA RITA,2513703000,SANTA RITA (todos os setores),1,0,155,534,3.45,2.33,682.7,379731.03,761.29,363498.84,388.82,245569.8,648.51,241153.1,NA
251370305000056,2,Região Nordeste,25,Paraiba,2504,Mata Paraibana,25022,João Pessoa,10,RM João Pessoa,2513703,SANTA RITA,251370305,SANTA RITA,25137030500,SANTA RITA,2513703000,SANTA RITA (todos os setores),1,0,273,982,3.6,2.51,831.32,1375892.76,890,1420964.52,462.28,619132.19,723.36,780226.71,NA
251370305000057,2,Região Nordeste,25,Paraiba,2504,Mata Paraibana,25022,João Pessoa,10,RM João Pessoa,2513703,SANTA RITA,251370305,SANTA RITA,25137030500,SANTA RITA,2513703000,SANTA RITA (todos os setores),1,0,394,1391,3.53,2.45,648.68,608029.86,738.67,625958.92,410.81,388213.63,677.6,459654.65,NA
251370305000058,2,Região Nordeste,25,Paraiba,2504,Mata Paraibana,25022,João Pessoa,10,RM João Pessoa,2513703,SANTA RITA,251370305,SANTA RITA,25137030500,SANTA RITA,2513703000,SANTA RITA (todos os setores),1,0,182,622,3.42,2.36,726.7,383902.65,826.62,353905.26,435.33,280778.08,719.29,259611.79,NA
251370305000059,2,Região Nordeste,25,Paraiba,2504,Mata Paraibana,25022,João Pessoa,10,RM João Pessoa,2513703,SANTA RITA,251370305,SANTA RITA,25137030500,SANTA RITA,2513703000,SANTA RITA (todos os setores),1,0,134,472,3.52,2.66,716.47,500952.7,780.54,495697.56,420.23,300002.83,683.29,308085.84,NA
251370305000060,2,Região Nordeste,25,Paraiba,2504,Mata Paraibana,25022,João Pessoa,10,RM João Pessoa,2513703,SANTA RITA,251370305,SANTA RITA,25137030500,SANTA RITA,2513703000,SANTA RITA (todos os setores),1,0,209,875,4.19,4.8,401.33,98679.69,511.46,69254.11,199.06,77520.9,470.45,55459.73,NA
251370305000061,2,Região Nordeste,25,Paraiba,2504,Mata Paraibana,25022,João Pessoa,10,RM João Pessoa,2513703,SANTA RITA,251370305,SANTA RITA,25137030500,SANTA RITA,2513703000,SANTA RITA (todos os setores),1,0,113,413,3.65,3.26,409.18,66064.54,471.81,46427.27,241.07,69489.64,406.66,49784.27,NA
251370305000062,2,Região Nordeste,25,Paraiba,2504,Mata Paraibana,25022,João Pessoa,10,RM João Pessoa,2513703,SANTA RITA,251370305,SANTA RITA,25137030500,SANTA RITA,2513703000,SANTA RITA (todos os setores),1,0,257,925,3.6,2.91,573.09,192440.79,616.25,180285.39,324.72,143663.14,529.4,125825.07,NA
251370305000063,2,Região Nordeste,25,Paraiba,2504,Mata Paraibana,25022,João Pessoa,10,RM João Pessoa,2513703,SANTA RITA,251370305,SANTA RITA,25137030500,SANTA RITA,2513703000,SANTA RITA (todos os setores),1,0,203,743,3.66,3.62,473.45,215657.09,628.17,188766.01,336.82,159706.21,576.39,135151.75,NA
251370305000064,2,Região Nordeste,25,Paraiba,2504,Mata Paraibana,25022,João Pessoa,10,RM João Pessoa,2513703,SANTA RITA,251370305,SANTA RITA,25137030500,SANTA RITA,2513703000,SANTA RITA (todos os setores),1,0,174,645,3.71,2.81,553.09,98922.9,629.01,64524.97,310.84,108078.26,570.21,50172.67,NA
251370305000065,2,Região Nordeste,25,Paraiba,2504,Mata Paraibana,25022,João Pessoa,10,RM João Pessoa,2513703,SANTA RITA,251370305,SANTA RITA,25137030500,SANTA RITA,2513703000,SANTA RITA (todos os setores),1,0,284,962,3.39,2.32,1031.58,1154152.49,1081.06,1156027.98,584.36,700430.22,914.25,794408.1,NA
251370305000066,2,Região Nordeste,25,Paraiba,2504,Mata Paraibana,25022,João Pessoa,10,RM João Pessoa,2513703,SANTA RITA,251370305,SANTA RITA,25137030500,SANTA RITA,2513703000,SANTA RITA (todos os setores),1,0,197,722,3.66,2.59,352.58,262885.75,667.87,287635.17,315.19,195661.85,635.7,190863.51,NA
251370305000067,2,Região Nordeste,25,Paraiba,2504,Mata Paraibana,25022,João Pessoa,10,RM João Pessoa,2513703,SANTA RITA,251370305,SANTA RITA,25137030500,SANTA RITA,2513703000,SANTA RITA (todos os setores),1,0,218,823,3.78,3.55,234.04,93078.52,327.05,99693.13,174.68,66038.21,346.04,71541.56,NA
251370305000068,2,Região Nordeste,25,Paraiba,2504,Mata Paraibana,25022,João Pessoa,10,RM João Pessoa,2513703,SANTA RITA,251370305,SANTA RITA,25137030500,SANTA RITA,2513703000,SANTA RITA (todos os setores),1,0,315,1147,3.64,3.85,265.44,95977.46,403.93,90084.49,171.98,67229.27,372.91,70853.67,NA
251370305000069,2,Região Nordeste,25,Paraiba,2504,Mata Paraibana,25022,João Pessoa,10,RM João Pessoa,2513703,SANTA RITA,251370305,SANTA RITA,25137030500,SANTA RITA,2513703000,SANTA RITA (todos os setores),1,0,190,685,3.61,1.84,682.61,396395.61,741.11,386956.56,356.9,256539.06,642.42,278413.87,NA
251370305000070,2,Região Nordeste,25,Paraiba,2504,Mata Paraibana,25022,João Pessoa,10,RM João Pessoa,2513703,SANTA RITA,251370305,SANTA RITA,25137030500,SANTA RITA,2513703000,SANTA RITA (todos os setores),1,0,169,644,3.81,3.63,487.9,157474.9,568.66,137479.63,285.1,117949.77,493.92,101147.53,NA
251370305000071,2,Região Nordeste,25,Paraiba,2504,Mata Paraibana,25022,João Pessoa,10,RM João Pessoa,2513703,SANTA RITA,251370305,SANTA RITA,25137030500,SANTA RITA,2513703000,SANTA RITA (todos os setores),1,0,188,693,3.69,2.85,449.69,93737.49,552.56,58106.77,248.64,91272.04,487.39,62453.11,NA
251370305000072,2,Região Nordeste,25,Paraiba,2504,Mata Paraibana,25022,João Pessoa,10,RM João Pessoa,2513703,SANTA RITA,251370305,SANTA RITA,25137030500,SANTA RITA,2513703000,SANTA RITA (todos os setores),1,0,299,1129,3.78,4.05,408.51,73749.76,473.42,54662.31,235.83,77356.14,433.62,56426.51,NA
251370305000073,2,Região Nordeste,25,Paraiba,2504,Mata Paraibana,25022,João Pessoa,10,RM João Pessoa,2513703,SANTA RITA,251370305,SANTA RITA,25137030500,SANTA RITA,2513703000,SANTA RITA (todos os setores),1,0,267,998,3.74,3.88,427.82,102168.09,523.98,74619.28,260.38,116738.7,490.47,107021.18,NA
251370305000074,2,Região Nordeste,25,Paraiba,2504,Mata Paraibana,25022,João Pessoa,10,RM João Pessoa,2513703,SANTA RITA,251370305,SANTA RITA,25137030500,SANTA RITA,2513703000,SANTA RITA (todos os setores),1,0,286,948,3.31,3.02,664.52,992506.9,711.81,1029613.33,384.13,464126.84,615.67,601597.14,NA
251370305000075,2,Região Nordeste,25,Paraiba,2504,Mata Paraibana,25022,João Pessoa,10,RM João Pessoa,2513703,SANTA RITA,251370305,SANTA RITA,25137030500,SANTA RITA,2513703000,SANTA RITA (todos os setores),1,0,227,805,3.55,2.43,1702.53,4671509.68,1822.99,4782965.79,1011.33,3239181.51,1531,4109890.87,NA
251370305000076,2,Região Nordeste,25,Paraiba,2504,Mata Paraibana,25022,João Pessoa,10,RM João Pessoa,2513703,SANTA RITA,251370305,SANTA RITA,25137030500,SANTA RITA,2513703000,SANTA RITA (todos os setores),1,0,202,712,3.52,3.41,334.58,70710.48,430.48,49560.94,204.3,64729.41,393.11,50278.31,NA
251370305000077,2,Região Nordeste,25,Paraiba,2504,Mata Paraibana,25022,João Pessoa,10,RM João Pessoa,2513703,SANTA RITA,251370305,SANTA RITA,25137030500,SANTA RITA,2513703000,SANTA RITA (todos os setores),1,0,327,1175,3.59,3.09,236.06,88576.15,476.49,64079.67,146.03,67137.74,471.75,63216.54,NA
251370305000078,2,Região Nordeste,25,Paraiba,2504,Mata Paraibana,25022,João Pessoa,10,RM João Pessoa,2513703,SANTA RITA,251370305,SANTA RITA,25137030500,SANTA RITA,2513703000,SANTA RITA (todos os setores),1,0,190,644,3.39,2.51,459.06,95158.26,490.01,86359.43,269.47,90874.42,401.95,82277.42,NA
251370305000079,2,Região Nordeste,25,Paraiba,2504,Mata Paraibana,25022,João Pessoa,10,RM João Pessoa,2513703,SANTA RITA,251370305,SANTA RITA,25137030500,SANTA RITA,2513703000,SANTA RITA (todos os setores),1,0,272,1003,3.69,2.61,426.15,230792.45,506.17,233638.62,263.23,135636.42,429.65,149916.3,NA
251370305000080,2,Região Nordeste,25,Paraiba,2504,Mata Paraibana,25022,João Pessoa,10,RM João Pessoa,2513703,SANTA RITA,251370305,SANTA RITA,25137030500,SANTA RITA,2513703000,SANTA RITA (todos os setores),1,0,334,1107,3.31,2.11,468.15,81528.4,537.32,56318.9,269.06,89465.39,477.72,59109.31,NA
251370305000081,2,Região Nordeste,25,Paraiba,2504,Mata Paraibana,25022,João Pessoa,10,RM João Pessoa,2513703,SANTA RITA,251370305,SANTA RITA,25137030500,SANTA RITA,2513703000,SANTA RITA (todos os setores),1,0,241,815,3.38,2.67,493.59,193198.62,548.18,184600.67,294.18,135006.12,472.21,132636.31,NA
251370305000082,2,Região Nordeste,25,Paraiba,2504,Mata Paraibana,25022,João Pessoa,10,RM João Pessoa,2513703,SANTA RITA,251370305,SANTA RITA,25137030500,SANTA RITA,2513703000,SANTA RITA (todos os setores),1,0,280,990,3.54,2.67,456.11,152432.42,596.78,115321.98,271.42,113818.63,546.85,78612.07,NA
251370305000083,2,Região Nordeste,25,Paraiba,2504,Mata Paraibana,25022,João Pessoa,10,RM João Pessoa,2513703,SANTA RITA,251370305,SANTA RITA,25137030500,SANTA RITA,2513703000,SANTA RITA (todos os setores),1,0,171,564,3.3,2.34,498.36,93676.68,553.38,73442.73,276.95,99214.18,504.05,65968.25,NA
251370305000084,2,Região Nordeste,25,Paraiba,2504,Mata Paraibana,25022,João Pessoa,10,RM João Pessoa,2513703,SANTA RITA,251370305,SANTA RITA,25137030500,SANTA RITA,2513703000,SANTA RITA (todos os setores),1,0,324,1096,3.38,2.53,457.89,177088.49,539.47,164583.05,288.88,162760.58,506.54,175168.4,NA
251370305000085,2,Região Nordeste,25,Paraiba,2504,Mata Paraibana,25022,João Pessoa,10,RM João Pessoa,2513703,SANTA RITA,251370305,SANTA RITA,25137030500,SANTA RITA,2513703000,SANTA RITA (todos os setores),1,0,306,1141,3.73,3.37,287.22,106868.69,416.54,101092.59,215.71,78302.47,414.22,68114.23,NA
251370305000086,2,Região Nordeste,25,Paraiba,2504,Mata Paraibana,25022,João Pessoa,10,RM João Pessoa,2513703,SANTA RITA,251370305,SANTA RITA,25137030500,SANTA RITA,2513703000,SANTA RITA (todos os setores),1,0,5,16,3.2,1.2,183,64445,457.5,6612.5,173.23,51081.53,375.33,31568.67,NA
251370305000087,2,Região Nordeste,25,Paraiba,2504,Mata Paraibana,25022,João Pessoa,10,RM João Pessoa,2513703,SANTA RITA,251370305,SANTA RITA,25137030500,SANTA RITA,2513703000,SANTA RITA (todos os setores),1,0,290,1036,3.57,3.45,592.42,303172.29,638.67,297280.31,346.59,206069.5,534.91,217323.68,NA
251370305000088,2,Região Nordeste,25,Paraiba,2504,Mata Paraibana,25022,João Pessoa,10,RM João Pessoa,2513703,SANTA RITA,251370305,SANTA RITA,25137030500,SANTA RITA,2513703000,SANTA RITA (todos os setores),1,0,209,773,3.7,2.87,539.83,333546.53,581.57,335069.46,270.38,244789.05,529.19,342440.19,NA
251370305000089,2,Região Nordeste,25,Paraiba,2504,Mata Paraibana,25022,João Pessoa,10,RM João Pessoa,2513703,SANTA RITA,251370305,SANTA RITA,25137030500,SANTA RITA,2513703000,SANTA RITA (todos os setores),1,0,228,816,3.58,4.65,476.05,246372.43,526.89,245894.17,236.86,137811.38,451.98,165810.99,NA
251370305000090,2,Região Nordeste,25,Paraiba,2504,Mata Paraibana,25022,João Pessoa,10,RM João Pessoa,2513703,SANTA RITA,251370305,SANTA RITA,25137030500,SANTA RITA,2513703000,SANTA RITA (todos os setores),1,0,160,595,3.72,3.86,354.62,83746.33,405.28,75117.11,198.21,78830.75,374.3,82971.25,NA
251370305000091,2,Região Nordeste,25,Paraiba,2504,Mata Paraibana,25022,João Pessoa,10,RM João Pessoa,2513703,SANTA RITA,251370305,SANTA RITA,25137030500,SANTA RITA,2513703000,SANTA RITA (todos os setores),1,0,24,76,3.17,2.32,628.08,281818.17,793.37,221683.91,423.9,304081.89,760.53,289102.8,NA
251370305000092,2,Região Nordeste,25,Paraiba,2504,Mata Paraibana,25022,João Pessoa,10,RM João Pessoa,2513703,SANTA RITA,251370305,SANTA RITA,25137030500,SANTA RITA,2513703000,SANTA RITA (todos os setores),1,0,203,702,3.46,2.18,595.06,390458.89,759.73,373297.46,404.28,265928.15,688.33,257227.68,NA
251370305000093,2,Região Nordeste,25,Paraiba,2504,Mata Paraibana,25022,João Pessoa,10,RM João Pessoa,2513703,SANTA RITA,251370305,SANTA RITA,25137030500,SANTA RITA,2513703000,SANTA RITA (todos os setores),8,0,103,370,3.59,3.3,510.02,182425.61,625.38,151171.56,264.36,141408.9,588.36,123956.72,NA
251370305000094,2,Região Nordeste,25,Paraiba,2504,Mata Paraibana,25022,João Pessoa,10,RM João Pessoa,2513703,SANTA RITA,251370305,SANTA RITA,25137030500,SANTA RITA,2513703000,SANTA RITA (todos os setores),8,0,109,505,4.63,3.42,454.89,97024.52,533.15,71720.13,244.17,93790.88,503.46,62700.3,NA
251370305000095,2,Região Nordeste,25,Paraiba,2504,Mata Paraibana,25022,João Pessoa,10,RM João Pessoa,2513703,SANTA RITA,251370305,SANTA RITA,25137030500,SANTA RITA,2513703000,SANTA RITA (todos os setores),8,0,140,574,4.1,3.46,665.43,345680.66,711.15,336851.28,317.46,195593.85,594.31,201659.29,NA
251370305000096,2,Região Nordeste,25,Paraiba,2504,Mata Paraibana,25022,João Pessoa,10,RM João Pessoa,2513703,SANTA RITA,251370305,SANTA RITA,25137030500,SANTA RITA,2513703000,SANTA RITA (todos os setores),8,0,102,440,4.31,5.07,454.21,123065.85,520.55,106317.82,257.25,104228.09,457.04,93810.86,NA
251370305000097,2,Região Nordeste,25,Paraiba,2504,Mata Paraibana,25022,João Pessoa,10,RM João Pessoa,2513703,SANTA RITA,251370305,SANTA RITA,25137030500,SANTA RITA,2513703000,SANTA RITA (todos os setores),8,0,84,354,4.21,6.12,432.02,343608.05,576.03,375700.32,288.55,194172.78,548.24,226785.87,NA
251370305000098,2,Região Nordeste,25,Paraiba,2504,Mata Paraibana,25022,João Pessoa,10,RM João Pessoa,2513703,SANTA RITA,251370305,SANTA RITA,25137030500,SANTA RITA,2513703000,SANTA RITA (todos os setores),8,0,35,139,3.97,2.5,493.6,901814.07,575.87,1008291.02,323.03,354168.72,536.79,475581.39,NA
251370305000099,2,Região Nordeste,25,Paraiba,2504,Mata Paraibana,25022,João Pessoa,10,RM João Pessoa,2513703,SANTA RITA,251370305,SANTA RITA,25137030500,SANTA RITA,2513703000,SANTA RITA (todos os setores),5,0,104,367,3.53,2.48,239.95,88225.15,499.1,53472.46,236.51,118976.19,511.9,116523.06,NA
251370305000100,2,Região Nordeste,25,Paraiba,2504,Mata Paraibana,25022,João Pessoa,10,RM João Pessoa,2513703,SANTA RITA,251370305,SANTA RITA,25137030500,SANTA RITA,2513703000,SANTA RITA (todos os setores),5,0,195,681,3.49,3.15,401.2,121555.03,457.51,112802.44,228.49,85230.38,369.16,85773.49,NA
251370305000101,2,Região Nordeste,25,Paraiba,2504,Mata Paraibana,25022,João Pessoa,10,RM João Pessoa,2513703,SANTA RITA,251370305,SANTA RITA,25137030500,SANTA RITA,2513703000,SANTA RITA (todos os setores),8,0,128,541,4.23,4,586.08,273718.31,630.4,266415.55,282.39,162607.72,531.28,173739.05,NA
251370305000102,2,Região Nordeste,25,Paraiba,2504,Mata Paraibana,25022,João Pessoa,10,RM João Pessoa,2513703,SANTA RITA,251370305,SANTA RITA,25137030500,SANTA RITA,2513703000,SANTA RITA (todos os setores),8,0,119,535,4.5,4.9,346.55,107277.01,557.3,54351.5,167.06,77406.48,525.53,54964.74,NA
251370305000103,2,Região Nordeste,25,Paraiba,2504,Mata Paraibana,25022,João Pessoa,10,RM João Pessoa,2513703,SANTA RITA,251370305,SANTA RITA,25137030500,SANTA RITA,2513703000,SANTA RITA (todos os setores),8,0,13,43,3.31,2.23,509.23,109507.69,601.82,70116.36,252.65,105723.08,572.67,52849.52,NA
251370305000104,2,Região Nordeste,25,Paraiba,2504,Mata Paraibana,25022,João Pessoa,10,RM João Pessoa,2513703,SANTA RITA,251370305,SANTA RITA,25137030500,SANTA RITA,2513703000,SANTA RITA (todos os setores),8,0,25,102,4.08,4.91,581.2,135752.67,605.42,126356.34,272.78,149302.36,578.83,139422,NA
251370305000105,2,Região Nordeste,25,Paraiba,2504,Mata Paraibana,25022,João Pessoa,10,RM João Pessoa,2513703,SANTA RITA,251370305,SANTA RITA,25137030500,SANTA RITA,2513703000,SANTA RITA (todos os setores),5,0,191,612,3.2,3.34,349.18,50591.58,381.11,43006.74,202.08,51791.61,332.58,41801.08,NA
251370305000106,2,Região Nordeste,25,Paraiba,2504,Mata Paraibana,25022,João Pessoa,10,RM João Pessoa,2513703,SANTA RITA,251370305,SANTA RITA,25137030500,SANTA RITA,2513703000,SANTA RITA (todos os setores),1,0,261,888,3.4,2.03,690.94,431974.97,819.7,406815.08,375.71,285337.23,708.67,302294.55,NA
251370305000107,2,Região Nordeste,25,Paraiba,2504,Mata Paraibana,25022,João Pessoa,10,RM João Pessoa,2513703,SANTA RITA,251370305,SANTA RITA,25137030500,SANTA RITA,2513703000,SANTA RITA (todos os setores),1,0,202,724,3.58,2.76,834.5,749573.88,916.14,748104.23,460.91,494001.38,739.12,586799.23,NA
251370305000108,2,Região Nordeste,25,Paraiba,2504,Mata Paraibana,25022,João Pessoa,10,RM João Pessoa,2513703,SANTA RITA,251370305,SANTA RITA,25137030500,SANTA RITA,2513703000,SANTA RITA (todos os setores),1,0,220,726,3.3,2.02,640.16,477861.48,838.31,459554.43,390.06,333920.01,753.02,371434.99,NA
251370305000109,2,Região Nordeste,25,Paraiba,2504,Mata Paraibana,25022,João Pessoa,10,RM João Pessoa,2513703,SANTA RITA,251370305,SANTA RITA,25137030500,SANTA RITA,2513703000,SANTA RITA (todos os setores),1,0,116,397,3.42,2.42,824.66,447429.85,861.8,435463.51,464.05,317391.37,713,310131.41,NA
251370305000110,2,Região Nordeste,25,Paraiba,2504,Mata Paraibana,25022,João Pessoa,10,RM João Pessoa,2513703,SANTA RITA,251370305,SANTA RITA,25137030500,SANTA RITA,2513703000,SANTA RITA (todos os setores),1,0,177,615,3.47,2.19,852.87,848389.95,914.9,853373.01,482.9,545808.19,836.09,650046.47,NA
251370305000111,2,Região Nordeste,25,Paraiba,2504,Mata Paraibana,25022,João Pessoa,10,RM João Pessoa,2513703,SANTA RITA,251370305,SANTA RITA,25137030500,SANTA RITA,2513703000,SANTA RITA (todos os setores),1,0,214,762,3.56,2.83,545.91,119173.17,578.34,107439.17,323.53,124686.68,477.73,110414.44,NA
251370305000112,2,Região Nordeste,25,Paraiba,2504,Mata Paraibana,25022,João Pessoa,10,RM João Pessoa,2513703,SANTA RITA,251370305,SANTA RITA,25137030500,SANTA RITA,2513703000,SANTA RITA (todos os setores),1,0,166,617,3.72,2.4,693.93,314613.42,778.33,287001.57,436.9,254411.21,689.64,227207.47,NA
251370305000113,2,Região Nordeste,25,Paraiba,2504,Mata Paraibana,25022,João Pessoa,10,RM João Pessoa,2513703,SANTA RITA,251370305,SANTA RITA,25137030500,SANTA RITA,2513703000,SANTA RITA (todos os setores),1,0,260,960,3.69,2.52,452.84,181454.71,585.77,156732.24,345.5,195333.71,566.77,195021,NA
251370305000114,2,Região Nordeste,25,Paraiba,2504,Mata Paraibana,25022,João Pessoa,10,RM João Pessoa,2513703,SANTA RITA,251370305,SANTA RITA,25137030500,SANTA RITA,2513703000,SANTA RITA (todos os setores),1,0,178,619,3.48,2.84,320.12,110149.61,441.71,98186.44,269.97,93122.26,444.09,75799.32,NA
251370305000115,2,Região Nordeste,25,Paraiba,2504,Mata Paraibana,25022,João Pessoa,10,RM João Pessoa,2513703,SANTA RITA,251370305,SANTA RITA,25137030500,SANTA RITA,2513703000,SANTA RITA (todos os setores),1,0,162,568,3.51,2.8,591.1,721609.34,679.14,769634.12,331.78,345555.96,608.92,465913.88,NA
251370305000116,2,Região Nordeste,25,Paraiba,2504,Mata Paraibana,25022,João Pessoa,10,RM João Pessoa,2513703,SANTA RITA,251370305,SANTA RITA,25137030500,SANTA RITA,2513703000,SANTA RITA (todos os setores),1,0,145,511,3.52,3.07,662.64,1378294.98,768.66,1518447.63,358.03,660495.29,672.56,1030933.36,NA
251370305000117,2,Região Nordeste,25,Paraiba,2504,Mata Paraibana,25022,João Pessoa,10,RM João Pessoa,2513703,SANTA RITA,251370305,SANTA RITA,25137030500,SANTA RITA,2513703000,SANTA RITA (todos os setores),1,0,228,819,3.59,2.22,777.14,474023.41,827.99,462886.41,462.63,321528.25,712.37,317181.85,NA
251370305000118,2,Região Nordeste,25,Paraiba,2504,Mata Paraibana,25022,João Pessoa,10,RM João Pessoa,2513703,SANTA RITA,251370305,SANTA RITA,25137030500,SANTA RITA,2513703000,SANTA RITA (todos os setores),1,0,282,972,3.45,3.34,355.94,82188.49,418.23,70471.39,214.25,71669.62,380.23,64062.96,NA
251370305000119,2,Região Nordeste,25,Paraiba,2504,Mata Paraibana,25022,João Pessoa,10,RM João Pessoa,2513703,SANTA RITA,251370305,SANTA RITA,25137030500,SANTA RITA,2513703000,SANTA RITA (todos os setores),1,0,167,582,3.49,2.47,567.85,295503.38,697.29,272436.83,306.67,216446.07,617.14,244082.71,NA
251370305000120,2,Região Nordeste,25,Paraiba,2504,Mata Paraibana,25022,João Pessoa,10,RM João Pessoa,2513703,SANTA RITA,251370305,SANTA RITA,25137030500,SANTA RITA,2513703000,SANTA RITA (todos os setores),1,0,179,661,3.69,3.75,412.61,149765.88,516.48,133708,227.23,104355.13,457.18,104834,NA
251370305000121,2,Região Nordeste,25,Paraiba,2504,Mata Paraibana,25022,João Pessoa,10,RM João Pessoa,2513703,SANTA RITA,251370305,SANTA RITA,25137030500,SANTA RITA,2513703000,SANTA RITA (todos os setores),1,0,288,978,3.4,2.04,834.18,5807520.08,924.01,6352031.52,449.63,2271955.96,785.16,3707012.95,NA
251370305000122,2,Região Nordeste,25,Paraiba,2504,Mata Paraibana,25022,João Pessoa,10,RM João Pessoa,2513703,SANTA RITA,251370305,SANTA RITA,25137030500,SANTA RITA,2513703000,SANTA RITA (todos os setores),1,0,190,679,3.57,3.46,466.48,237759.12,571.82,231171.49,252.78,139610.31,489.37,154549.57,NA
251370305000123,2,Região Nordeste,25,Paraiba,2504,Mata Paraibana,25022,João Pessoa,10,RM João Pessoa,2513703,SANTA RITA,251370305,SANTA RITA,25137030500,SANTA RITA,2513703000,SANTA RITA (todos os setores),1,0,254,965,3.8,3.24,416.42,59595.11,450.09,49215.61,222.27,65571.68,363.76,55822.08,NA
251370305000124,2,Região Nordeste,25,Paraiba,2504,Mata Paraibana,25022,João Pessoa,10,RM João Pessoa,2513703,SANTA RITA,251370305,SANTA RITA,25137030500,SANTA RITA,2513703000,SANTA RITA (todos os setores),1,0,169,639,3.78,3.79,503.82,175477.74,599.62,151230.56,295.42,130513.62,530.02,109745.41,NA
251370305000125,2,Região Nordeste,25,Paraiba,2504,Mata Paraibana,25022,João Pessoa,10,RM João Pessoa,2513703,SANTA RITA,251370305,SANTA RITA,25137030500,SANTA RITA,2513703000,SANTA RITA (todos os setores),1,0,191,687,3.6,2.53,480.46,184665.36,588.26,162543.38,298.11,119162.65,532.24,88058.08,NA
251370305000126,2,Região Nordeste,25,Paraiba,2504,Mata Paraibana,25022,João Pessoa,10,RM João Pessoa,2513703,SANTA RITA,251370305,SANTA RITA,25137030500,SANTA RITA,2513703000,SANTA RITA (todos os setores),1,0,366,1454,3.97,3.75,462.84,137540.77,546.45,116631.61,227.37,100208.47,457.52,96338.05,NA
251370305000127,2,Região Nordeste,25,Paraiba,2504,Mata Paraibana,25022,João Pessoa,10,RM João Pessoa,2513703,SANTA RITA,251370305,SANTA RITA,25137030500,SANTA RITA,2513703000,SANTA RITA (todos os setores),1,0,174,599,3.44,2.5,474.64,91674,539.78,68943.14,304.67,102753.49,506.1,68631.02,NA
251370305000128,2,Região Nordeste,25,Paraiba,2504,Mata Paraibana,25022,João Pessoa,10,RM João Pessoa,2513703,SANTA RITA,251370305,SANTA RITA,25137030500,SANTA RITA,2513703000,SANTA RITA (todos os setores),1,0,203,720,3.55,1.89,461.53,191733.7,612.36,161835.73,262.56,131568.56,547.07,118447.28,NA
251370305000129,2,Região Nordeste,25,Paraiba,2504,Mata Paraibana,25022,João Pessoa,10,RM João Pessoa,2513703,SANTA RITA,251370305,SANTA RITA,25137030500,SANTA RITA,2513703000,SANTA RITA (todos os setores),1,0,307,1061,3.46,2.09,622.31,210423.29,692.21,185584.08,372.65,181872.97,618.75,149649.02,NA
251370305000130,2,Região Nordeste,25,Paraiba,2504,Mata Paraibana,25022,João Pessoa,10,RM João Pessoa,2513703,SANTA RITA,251370305,SANTA RITA,25137030500,SANTA RITA,2513703000,SANTA RITA (todos os setores),1,0,293,1010,3.45,1.93,702.23,420946.03,782.33,406241.02,386.92,302925.87,682.8,332606.48,NA
251370305000131,2,Região Nordeste,25,Paraiba,2504,Mata Paraibana,25022,João Pessoa,10,RM João Pessoa,2513703,SANTA RITA,251370305,SANTA RITA,25137030500,SANTA RITA,2513703000,SANTA RITA (todos os setores),1,0,358,1208,3.37,1.88,669.54,923500.57,793.7,996446.4,408.37,485784.03,705.61,629887.52,NA
251370305000132,2,Região Nordeste,25,Paraiba,2504,Mata Paraibana,25022,João Pessoa,10,RM João Pessoa,2513703,SANTA RITA,251370305,SANTA RITA,25137030500,SANTA RITA,2513703000,SANTA RITA (todos os setores),1,0,212,759,3.58,3.14,503.76,184149.94,577.29,168497.83,267.19,125493.65,494.74,119772.81,NA
251370305000133,2,Região Nordeste,25,Paraiba,2504,Mata Paraibana,25022,João Pessoa,10,RM João Pessoa,2513703,SANTA RITA,251370305,SANTA RITA,25137030500,SANTA RITA,2513703000,SANTA RITA (todos os setores),1,0,206,758,3.68,3.1,566.35,547538.57,651.78,574600.04,317.85,926088.92,647.25,1675071.05,NA
251370305000134,2,Região Nordeste,25,Paraiba,2504,Mata Paraibana,25022,João Pessoa,10,RM João Pessoa,2513703,SANTA RITA,251370305,SANTA RITA,25137030500,SANTA RITA,2513703000,SANTA RITA (todos os setores),1,1,167,612,3.66,3.66,276.81,59453.81,372.81,44161.07,164.71,50325.98,325.17,47162.23,NA
251370305000135,2,Região Nordeste,25,Paraiba,2504,Mata Paraibana,25022,João Pessoa,10,RM João Pessoa,2513703,SANTA RITA,251370305,SANTA RITA,25137030500,SANTA RITA,2513703000,SANTA RITA (todos os setores),1,0,135,473,3.5,2.24,545.02,201392.13,645.42,173446.02,341.88,164222.56,593.21,135728.58,NA
251370305000136,2,Região Nordeste,25,Paraiba,2504,Mata Paraibana,25022,João Pessoa,10,RM João Pessoa,2513703,SANTA RITA,251370305,SANTA RITA,25137030500,SANTA RITA,2513703000,SANTA RITA (todos os setores),1,0,153,506,3.31,3,862.72,1126451.89,949.61,1157617.51,497.39,594649.98,782.1,712771.98,NA
251370305000137,2,Região Nordeste,25,Paraiba,2504,Mata Paraibana,25022,João Pessoa,10,RM João Pessoa,2513703,SANTA RITA,251370305,SANTA RITA,25137030500,SANTA RITA,2513703000,SANTA RITA (todos os setores),1,0,247,869,3.52,2.82,627.26,221561.7,667.81,208748.34,335.94,175917.54,538.99,172796.98,NA
251370305000138,2,Região Nordeste,25,Paraiba,2504,Mata Paraibana,25022,João Pessoa,10,RM João Pessoa,2513703,SANTA RITA,251370305,SANTA RITA,25137030500,SANTA RITA,2513703000,SANTA RITA (todos os setores),1,0,165,565,3.42,2.05,490.08,107736.69,577.59,76202.65,354.51,129798.53,535.03,99216.64,NA
251370305000139,2,Região Nordeste,25,Paraiba,2504,Mata Paraibana,25022,João Pessoa,10,RM João Pessoa,2513703,SANTA RITA,251370305,SANTA RITA,25137030500,SANTA RITA,2513703000,SANTA RITA (todos os setores),1,0,223,709,3.18,2.45,781.53,655857.48,846.03,655414.43,431.69,374462.54,710.88,418287.37,NA
251370305000140,2,Região Nordeste,25,Paraiba,2504,Mata Paraibana,25022,João Pessoa,10,RM João Pessoa,2513703,SANTA RITA,251370305,SANTA RITA,25137030500,SANTA RITA,2513703000,SANTA RITA (todos os setores),1,0,146,533,3.65,3.8,493.52,143360.98,571.86,121143.02,264.29,115125.73,525.05,91699.25,NA
251370305000141,2,Região Nordeste,25,Paraiba,2504,Mata Paraibana,25022,João Pessoa,10,RM João Pessoa,2513703,SANTA RITA,251370305,SANTA RITA,25137030500,SANTA RITA,2513703000,SANTA RITA (todos os setores),1,0,164,598,3.65,2.87,552.98,235617.32,596.64,228122.27,300.88,159649.5,537.35,158050.22,NA
251370305000142,2,Região Nordeste,25,Paraiba,2504,Mata Paraibana,25022,João Pessoa,10,RM João Pessoa,2513703,SANTA RITA,251370305,SANTA RITA,25137030500,SANTA RITA,2513703000,SANTA RITA (todos os setores),5,0,187,656,3.51,2.29,433.07,57904.86,482.05,40741.69,243.9,71319.17,456.81,36200.98,NA
251370305000143,2,Região Nordeste,25,Paraiba,2504,Mata Paraibana,25022,João Pessoa,10,RM João Pessoa,2513703,SANTA RITA,251370305,SANTA RITA,25137030500,SANTA RITA,2513703000,SANTA RITA (todos os setores),5,0,138,499,3.62,3.61,402.01,88535.55,474.17,70054.09,228.26,80732.03,441.37,61955.1,NA
251370305000144,2,Região Nordeste,25,Paraiba,2504,Mata Paraibana,25022,João Pessoa,10,RM João Pessoa,2513703,SANTA RITA,251370305,SANTA RITA,25137030500,SANTA RITA,2513703000,SANTA RITA (todos os setores),5,0,150,529,3.53,3.78,334.08,39291.63,376.78,28140.7,173.01,42657.73,306.88,34546.69,NA
251370305000145,2,Região Nordeste,25,Paraiba,2504,Mata Paraibana,25022,João Pessoa,10,RM João Pessoa,2513703,SANTA RITA,251370305,SANTA RITA,25137030500,SANTA RITA,2513703000,SANTA RITA (todos os setores),5,0,132,477,3.61,3.83,245.05,57015.95,409.44,27583.15,134.27,43046.65,373.08,30416.19,NA
251370310000001,2,Região Nordeste,25,Paraiba,2504,Mata Paraibana,25022,João Pessoa,10,RM João Pessoa,2513703,SANTA RITA,251370310,NOSSA SENHORA DO LIVRAMENTO,25137031000,NOSSA SENHORA DO LIVRAMENTO,2513703000,SANTA RITA (todos os setores),1,0,266,859,3.23,2.05,475.43,194682.53,531.37,187836.6,259.44,139205.35,476.63,152256.76,NA
251370310000002,2,Região Nordeste,25,Paraiba,2504,Mata Paraibana,25022,João Pessoa,10,RM João Pessoa,2513703,SANTA RITA,251370310,NOSSA SENHORA DO LIVRAMENTO,25137031000,NOSSA SENHORA DO LIVRAMENTO,2513703000,SANTA RITA (todos os setores),1,0,337,1205,3.58,3.35,417.99,92476.22,480.75,76131.14,227.2,81421.83,416.17,70476.42,NA
251370310000003,2,Região Nordeste,25,Paraiba,2504,Mata Paraibana,25022,João Pessoa,10,RM João Pessoa,2513703,SANTA RITA,251370310,NOSSA SENHORA DO LIVRAMENTO,25137031000,NOSSA SENHORA DO LIVRAMENTO,2513703000,SANTA RITA (todos os setores),8,0,76,288,3.79,3.34,329.8,48675.63,368.6,39972.27,203.38,74866.54,373.4,73959.69,NA
251370310000004,2,Região Nordeste,25,Paraiba,2504,Mata Paraibana,25022,João Pessoa,10,RM João Pessoa,2513703,SANTA RITA,251370310,NOSSA SENHORA DO LIVRAMENTO,25137031000,NOSSA SENHORA DO LIVRAMENTO,2513703000,SANTA RITA (todos os setores),5,0,101,362,3.58,3.25,576.79,720800.01,896.25,835466.94,292.12,334951.35,706.51,518764.03,NA
251370310000005,2,Região Nordeste,25,Paraiba,2504,Mata Paraibana,25022,João Pessoa,10,RM João Pessoa,2513703,SANTA RITA,251370310,NOSSA SENHORA DO LIVRAMENTO,25137031000,NOSSA SENHORA DO LIVRAMENTO,2513703000,SANTA RITA (todos os setores),5,0,141,470,3.33,3.27,331.39,76943.13,445.01,52529.37,205.98,76431.46,450.02,57056.79,NA
251370310000006,2,Região Nordeste,25,Paraiba,2504,Mata Paraibana,25022,João Pessoa,10,RM João Pessoa,2513703,SANTA RITA,251370310,NOSSA SENHORA DO LIVRAMENTO,25137031000,NOSSA SENHORA DO LIVRAMENTO,2513703000,SANTA RITA (todos os setores),8,0,28,86,3.07,3.03,328.21,65370.17,417.73,44874.78,246.42,67009.68,385.7,50813.33,NA
251370310000007,2,Região Nordeste,25,Paraiba,2504,Mata Paraibana,25022,João Pessoa,10,RM João Pessoa,2513703,SANTA RITA,251370310,NOSSA SENHORA DO LIVRAMENTO,25137031000,NOSSA SENHORA DO LIVRAMENTO,2513703000,SANTA RITA (todos os setores),8,0,54,206,3.81,4.19,368.2,151239.9,423.04,150551.17,247.75,255004.05,418.07,360206.51,NA
251370310000008,2,Região Nordeste,25,Paraiba,2504,Mata Paraibana,25022,João Pessoa,10,RM João Pessoa,2513703,SANTA RITA,251370310,NOSSA SENHORA DO LIVRAMENTO,25137031000,NOSSA SENHORA DO LIVRAMENTO,2513703000,SANTA RITA (todos os setores),8,0,95,365,3.84,5.26,345.81,73120.41,443.95,49991.42,199.68,64301.02,393.57,50326.3,NA
251370310000009,2,Região Nordeste,25,Paraiba,2504,Mata Paraibana,25022,João Pessoa,10,RM João Pessoa,2513703,SANTA RITA,251370310,NOSSA SENHORA DO LIVRAMENTO,25137031000,NOSSA SENHORA DO LIVRAMENTO,2513703000,SANTA RITA (todos os setores),8,0,79,337,4.27,3.17,764.38,402522.75,805.15,391013.83,321.75,237881.59,612.22,275061.56,NA
251370310000010,2,Região Nordeste,25,Paraiba,2504,Mata Paraibana,25022,João Pessoa,10,RM João Pessoa,2513703,SANTA RITA,251370310,NOSSA SENHORA DO LIVRAMENTO,25137031000,NOSSA SENHORA DO LIVRAMENTO,2513703000,SANTA RITA (todos os setores),5,0,145,551,3.8,4.52,488.93,120700.61,545.35,103731.3,275.71,111971.78,466.51,100405.3,NA
251370310000011,2,Região Nordeste,25,Paraiba,2504,Mata Paraibana,25022,João Pessoa,10,RM João Pessoa,2513703,SANTA RITA,251370310,NOSSA SENHORA DO LIVRAMENTO,25137031000,NOSSA SENHORA DO LIVRAMENTO,2513703000,SANTA RITA (todos os setores),5,0,172,662,3.85,3.49,460.13,135812.78,573.49,104029.67,255.73,128427.37,545.48,115838.16,NA
251370310000012,2,Região Nordeste,25,Paraiba,2504,Mata Paraibana,25022,João Pessoa,10,RM João Pessoa,2513703,SANTA RITA,251370310,NOSSA SENHORA DO LIVRAMENTO,25137031000,NOSSA SENHORA DO LIVRAMENTO,2513703000,SANTA RITA (todos os setores),5,0,186,702,3.77,3.72,431.58,126219.75,489.48,114743.51,246.62,98362.1,429.42,92752.21,NA
251370310000013,2,Região Nordeste,25,Paraiba,2504,Mata Paraibana,25022,João Pessoa,10,RM João Pessoa,2513703,SANTA RITA,251370310,NOSSA SENHORA DO LIVRAMENTO,25137031000,NOSSA SENHORA DO LIVRAMENTO,2513703000,SANTA RITA (todos os setores),5,0,177,661,3.73,4.37,428.11,52959.79,488.87,30627.01,220.16,68821.58,465.29,31232.8,NA
251370310000014,2,Região Nordeste,25,Paraiba,2504,Mata Paraibana,25022,João Pessoa,10,RM João Pessoa,2513703,SANTA RITA,251370310,NOSSA SENHORA DO LIVRAMENTO,25137031000,NOSSA SENHORA DO LIVRAMENTO,2513703000,SANTA RITA (todos os setores),8,0,167,634,3.8,3.77,453.48,76365.72,525.91,50289.94,225.27,79334.6,435.24,61826.69,NA
251370310000015,2,Região Nordeste,25,Paraiba,2504,Mata Paraibana,25022,João Pessoa,10,RM João Pessoa,2513703,SANTA RITA,251370310,NOSSA SENHORA DO LIVRAMENTO,25137031000,NOSSA SENHORA DO LIVRAMENTO,2513703000,SANTA RITA (todos os setores),5,0,181,629,3.48,3.01,390.19,304378.43,692.4,331135.02,192.32,153317.97,618.35,229993.13,NA
251370310000016,2,Região Nordeste,25,Paraiba,2504,Mata Paraibana,25022,João Pessoa,10,RM João Pessoa,2513703,SANTA RITA,251370310,NOSSA SENHORA DO LIVRAMENTO,25137031000,NOSSA SENHORA DO LIVRAMENTO,2513703000,SANTA RITA (todos os setores),5,0,163,596,3.66,2.44,514.17,128949.87,594.4,101187.07,261.6,121101.72,564.9,90022.01,NA
251370310000017,2,Região Nordeste,25,Paraiba,2504,Mata Paraibana,25022,João Pessoa,10,RM João Pessoa,2513703,SANTA RITA,251370310,NOSSA SENHORA DO LIVRAMENTO,25137031000,NOSSA SENHORA DO LIVRAMENTO,2513703000,SANTA RITA (todos os setores),5,0,161,584,3.63,3.27,304.18,81414.22,484.88,41768.03,205.87,74540.38,467.7,46742.51,NA
251370310000018,2,Região Nordeste,25,Paraiba,2504,Mata Paraibana,25022,João Pessoa,10,RM João Pessoa,2513703,SANTA RITA,251370310,NOSSA SENHORA DO LIVRAMENTO,25137031000,NOSSA SENHORA DO LIVRAMENTO,2513703000,SANTA RITA (todos os setores),5,0,180,661,3.67,3.24,263.69,80283.82,527.39,20837.61,134.72,56395.88,486.53,32331.7,NA
251370310000019,2,Região Nordeste,25,Paraiba,2504,Mata Paraibana,25022,João Pessoa,10,RM João Pessoa,2513703,SANTA RITA,251370310,NOSSA SENHORA DO LIVRAMENTO,25137031000,NOSSA SENHORA DO LIVRAMENTO,2513703000,SANTA RITA (todos os setores),5,0,193,785,4.07,4.24,312.5,77005.56,506.82,25973.49,174.66,62161.99,465.26,30245.7,NA
251370310000020,2,Região Nordeste,25,Paraiba,2504,Mata Paraibana,25022,João Pessoa,10,RM João Pessoa,2513703,SANTA RITA,251370310,NOSSA SENHORA DO LIVRAMENTO,25137031000,NOSSA SENHORA DO LIVRAMENTO,2513703000,SANTA RITA (todos os setores),5,0,146,581,3.98,2.85,427.75,165087.07,503.65,156081.58,251.31,104262.97,416.94,103920.08,NA
